firstName,lastName,emailAddress,phoneNumber,personalNotes
Maya,Dillon,nec.ante.blandit@outlook.com,(01421) 0129046,"non, cursus non, egestas a, dui. Cras pellentesque. Sed dictum. Proin eget odio. Aliquam vulputate ullamcorper magna. Sed eu"
Colby,Wagner,magna.praesent@google.net,(07654) 8450339,Suspendisse commodo tincidunt nibh. Phasellus nulla.
Kasper,Larson,risus.a@protonmail.org,(033468) 471896,"dis parturient montes, nascetur ridiculus mus. Proin vel arcu eu odio tristique pharetra. Quisque ac libero"
Maxwell,Ortega,luctus.ipsum.leo@google.couk,(034) 81175996,"congue, elit sed consequat auctor, nunc nulla vulputate dui, nec tempus mauris erat eget ipsum. Suspendisse sagittis. Nullam vitae"
Lewis,Faulkner,lectus.pede@outlook.edu,(0799) 47574216,aliquam adipiscing lacus. Ut nec urna et arcu
Cade,Chaney,convallis@outlook.com,(04667) 3216303,"suscipit, est ac facilisis facilisis, magna tellus faucibus leo, in lobortis tellus justo"
Ashely,Ferguson,commodo.at@protonmail.edu,(037305) 550578,"et, commodo at, libero. Morbi accumsan laoreet ipsum. Curabitur consequat, lectus sit amet luctus vulputate, nisi sem semper erat,"
Emerald,Prince,eleifend.vitae.erat@icloud.com,(033221) 231357,"varius orci, in consequat enim diam"
Molly,Sawyer,metus.urna@outlook.ca,(03620) 6668432,blandit congue. In scelerisque scelerisque dui. Suspendisse
Baker,Fry,mauris.id.sapien@yahoo.com,(018) 75380554,"risus varius orci, in consequat enim diam vel arcu. Curabitur ut odio vel est tempor bibendum. Donec felis"
Lucas,Cameron,ipsum.donec.sollicitudin@yahoo.org,(033133) 382943,"elementum, lorem ut aliquam iaculis, lacus pede sagittis augue, eu tempor erat"
Elizabeth,Delgado,cursus.et.magna@protonmail.org,(00568) 7659177,elit. Curabitur sed tortor. Integer aliquam
Sara,Foley,eu@icloud.couk,(038756) 156466,sagittis. Nullam vitae diam. Proin dolor. Nulla semper tellus id nunc interdum feugiat.
Shannon,Harper,aliquet@icloud.net,(034893) 344647,Ut nec urna et arcu imperdiet ullamcorper. Duis at
Kaseem,O'brien,vulputate.lacus@protonmail.org,(083) 69821288,"risus varius orci, in consequat enim diam"
Xena,Calderon,montes.nascetur@icloud.edu,(06587) 9866791,"sit amet, risus. Donec nibh enim,"
Alexander,Sharpe,elementum@yahoo.couk,(0926) 38872614,"nisl sem, consequat nec, mollis vitae, posuere at, velit. Cras lorem lorem, luctus ut,"
Caleb,Sanford,vehicula@protonmail.ca,(01081) 2377094,"bibendum ullamcorper. Duis cursus, diam at pretium aliquet, metus urna convallis erat, eget tincidunt dui augue eu tellus. Phasellus"
Janna,Durham,nec.malesuada.ut@icloud.ca,(0388) 70288855,"nunc est, mollis non, cursus non, egestas a, dui. Cras pellentesque. Sed dictum."
Rashad,Ford,mauris@outlook.couk,(034605) 401528,"nibh lacinia orci, consectetuer euismod est arcu ac orci. Ut semper pretium neque. Morbi quis"
Dorothy,Burks,curabitur.egestas.nunc@protonmail.org,(0987) 54636015,"eleifend non, dapibus rutrum, justo. Praesent luctus. Curabitur egestas nunc sed libero. Proin sed turpis nec"
Keelie,Middleton,vitae.diam@protonmail.couk,(067) 00478273,"enim. Sed nulla ante, iaculis nec, eleifend non, dapibus rutrum, justo. Praesent luctus. Curabitur egestas nunc sed libero. Proin"
Preston,Salas,cursus.purus@google.edu,(09765) 5907236,"risus. Nunc ac sem ut dolor dapibus gravida. Aliquam tincidunt, nunc ac mattis ornare,"
Althea,Patton,lectus.rutrum@protonmail.couk,(031286) 787857,ridiculus mus. Donec dignissim magna a tortor. Nunc commodo auctor velit. Aliquam nisl. Nulla eu neque pellentesque
Lewis,Wiley,sollicitudin.orci@icloud.com,(06632) 5509133,primis in faucibus orci luctus et ultrices posuere cubilia Curae Donec tincidunt. Donec vitae
Russell,Pollard,vitae.diam.proin@aol.net,(035915) 463723,"enim. Sed nulla ante, iaculis nec, eleifend non,"
Upton,Bush,a@yahoo.com,(00438) 7453130,"dui augue eu tellus. Phasellus elit pede, malesuada vel, venenatis vel, faucibus id, libero. Donec consectetuer mauris id sapien."
Alfonso,Huffman,ipsum.primis@aol.ca,(036554) 574534,"augue ut lacus. Nulla tincidunt, neque vitae semper"
Davis,Vazquez,nam.consequat.dolor@google.net,(030995) 171786,Fusce fermentum fermentum arcu. Vestibulum ante ipsum primis in faucibus orci luctus et ultrices posuere cubilia Curae Phasellus
Evangeline,Alford,justo.proin@hotmail.edu,(077) 54316659,"tempor diam dictum sapien. Aenean massa. Integer vitae nibh. Donec est mauris, rhoncus id, mollis nec, cursus a, enim. Suspendisse"
Dara,Downs,eget.ipsum@yahoo.org,(0434) 29461398,"bibendum ullamcorper. Duis cursus, diam at pretium aliquet, metus urna convallis erat, eget tincidunt dui augue eu"
Wade,Tate,ipsum@icloud.net,(016) 84013783,tellus justo sit amet nulla. Donec non justo. Proin non
Wallace,Waters,nulla.integer@google.net,(04846) 3564961,"mollis vitae, posuere at, velit. Cras lorem lorem, luctus ut, pellentesque eget, dictum placerat, augue. Sed molestie."
Elmo,Henderson,feugiat@aol.edu,(09527) 8711326,"purus sapien, gravida non, sollicitudin a, malesuada id, erat. Etiam vestibulum massa rutrum magna. Cras"
Grady,Baird,sapien.aenean@icloud.org,(0087) 88184454,"ipsum dolor sit amet, consectetuer adipiscing elit."
Beau,Pope,magna.duis@icloud.org,(030686) 237859,pellentesque. Sed dictum. Proin eget odio. Aliquam vulputate ullamcorper magna. Sed eu eros.
Freya,Chan,sapien@protonmail.net,(034905) 173454,erat eget ipsum. Suspendisse sagittis. Nullam vitae diam. Proin dolor. Nulla semper tellus id nunc interdum
Hadley,Warren,nibh.aliquam@yahoo.net,(07224) 4790234,auctor velit. Aliquam nisl. Nulla eu neque pellentesque massa lobortis ultrices. Vivamus rhoncus. Donec est. Nunc
Maya,Forbes,quam.a@yahoo.couk,(062) 79262269,ultrices iaculis odio. Nam interdum enim
Timon,Wiggins,malesuada@aol.org,(07652) 7923927,"fermentum risus, at fringilla purus mauris a nunc. In at pede. Cras"
Hadassah,Gay,ultrices.posuere@hotmail.com,(015) 92091505,blandit mattis. Cras eget nisi dictum augue malesuada malesuada. Integer id magna et ipsum
Barbara,Glenn,fringilla@yahoo.net,(03171) 2913615,"ac sem ut dolor dapibus gravida. Aliquam tincidunt, nunc ac mattis ornare, lectus ante"
Giselle,Gutierrez,quam.a@yahoo.edu,(04808) 9297974,arcu ac orci. Ut semper pretium neque.
Reuben,Glass,sem.vitae.aliquam@yahoo.net,(035108) 784976,"posuere, enim nisl elementum purus, accumsan"
Kato,Ingram,sit.amet@icloud.org,(037304) 860328,"augue ut lacus. Nulla tincidunt, neque vitae semper egestas, urna justo"
Malachi,Solomon,magnis.dis@protonmail.com,(032611) 158314,lobortis tellus justo sit amet nulla. Donec non justo.
Willow,Fry,eget.laoreet@aol.ca,(030467) 078363,"malesuada fringilla est. Mauris eu turpis. Nulla aliquet. Proin velit. Sed malesuada augue ut lacus. Nulla tincidunt, neque vitae"
Sydnee,Alston,blandit.viverra@outlook.couk,(070) 02746947,"mauris sapien, cursus in, hendrerit consectetuer, cursus et, magna. Praesent interdum ligula eu"
Ralph,Love,sit.amet.consectetuer@icloud.net,(08347) 5222635,"parturient montes, nascetur ridiculus mus. Aenean eget magna. Suspendisse tristique neque venenatis lacus. Etiam bibendum fermentum"
Nicholas,Kirkland,enim.sit.amet@icloud.org,(08057) 2302113,"consectetuer, cursus et, magna. Praesent"
Upton,Nolan,gravida.mauris.ut@google.net,(031254) 627814,Proin ultrices. Duis volutpat nunc sit amet metus. Aliquam erat volutpat. Nulla facilisis. Suspendisse commodo tincidunt
Warren,Washington,vivamus@icloud.couk,(0246) 67749817,"sit amet diam eu dolor egestas rhoncus. Proin nisl sem, consequat nec, mollis vitae, posuere at, velit. Cras"
Hammett,Talley,morbi.non.sapien@outlook.com,(061) 51955649,"Quisque libero lacus, varius et, euismod"
Arthur,Rodgers,nulla@google.couk,(031058) 600113,"bibendum. Donec felis orci, adipiscing non, luctus sit"
Virginia,Buckner,ut.mi@hotmail.net,(09858) 0373483,"neque sed dictum eleifend, nunc risus varius orci, in consequat enim"
Galena,Huff,lobortis@protonmail.ca,(036682) 845836,"mi. Duis risus odio, auctor vitae, aliquet nec, imperdiet nec, leo. Morbi neque"
Odette,Fischer,metus.vivamus.euismod@protonmail.couk,(032338) 334746,"Aenean egestas hendrerit neque. In ornare sagittis felis. Donec tempor, est ac mattis semper, dui lectus rutrum"
Hedwig,Riggs,feugiat.sed@outlook.org,(033) 84825617,"parturient montes, nascetur ridiculus mus. Proin vel nisl. Quisque fringilla euismod"
Emery,Lynn,libero.est@protonmail.couk,(006) 73993512,orci luctus et ultrices posuere cubilia Curae Donec tincidunt. Donec
Kiayada,Petty,nec.tempus@aol.ca,(035352) 722480,varius. Nam porttitor scelerisque neque. Nullam nisl. Maecenas malesuada fringilla est. Mauris eu turpis. Nulla aliquet. Proin
Brady,Dorsey,neque.pellentesque@hotmail.net,(0676) 56773322,"malesuada augue ut lacus. Nulla tincidunt,"
Brock,Burris,hymenaeos@icloud.edu,(038151) 276114,"Aliquam tincidunt, nunc ac mattis ornare,"
Randall,Rice,fusce@hotmail.com,(074) 76376155,"Nulla aliquet. Proin velit. Sed malesuada augue ut lacus. Nulla tincidunt, neque vitae semper egestas, urna"
Chadwick,Waters,porttitor@outlook.com,(038433) 430583,Nunc quis arcu vel quam dignissim pharetra.
Yael,Holman,id.mollis@icloud.ca,(08851) 5058883,"tempor diam dictum sapien. Aenean massa. Integer vitae nibh. Donec est mauris, rhoncus id, mollis"
Mercedes,Medina,fusce.fermentum@aol.edu,(08122) 7462764,Curabitur sed tortor. Integer aliquam adipiscing lacus. Ut
Jamal,Lang,nonummy.ipsum@hotmail.org,(044) 57876673,"hendrerit. Donec porttitor tellus non magna. Nam ligula elit,"
Joelle,Allison,mi.pede@aol.net,(056) 31496293,"ultricies ligula. Nullam enim. Sed nulla ante, iaculis nec, eleifend non, dapibus rutrum, justo. Praesent luctus. Curabitur egestas nunc"
Portia,Ware,ornare@icloud.org,(05962) 4336407,"aliquet, metus urna convallis erat, eget tincidunt dui augue eu tellus. Phasellus"
Russell,Chandler,pellentesque@protonmail.net,(07873) 6480254,"et, eros. Proin ultrices. Duis volutpat nunc sit amet metus. Aliquam erat"
Lenore,Alford,egestas.rhoncus@outlook.org,(031344) 112222,"Cras eu tellus eu augue porttitor interdum. Sed auctor odio a purus. Duis elementum, dui quis accumsan"
Regan,Ford,condimentum.donec@aol.couk,(04216) 7224723,"purus gravida sagittis. Duis gravida. Praesent eu nulla at sem molestie sodales. Mauris blandit enim consequat purus. Maecenas libero est,"
Lee,Booth,dis@hotmail.org,(024) 88184251,enim non nisi. Aenean eget metus. In nec orci. Donec nibh. Quisque nonummy ipsum non arcu. Vivamus sit amet risus.
Victor,Hale,dictum.phasellus@yahoo.com,(025) 45274342,"fermentum vel, mauris. Integer sem elit, pharetra ut, pharetra"
Ashely,Mason,risus.nulla@protonmail.net,(014) 42876978,"adipiscing elit. Aliquam auctor, velit eget laoreet posuere, enim nisl elementum purus, accumsan interdum"
Carl,Fleming,vel.vulputate@google.ca,(038049) 329866,"tellus. Phasellus elit pede, malesuada vel, venenatis vel, faucibus id, libero. Donec consectetuer mauris"
Rama,Acevedo,ullamcorper.duis.at@icloud.net,(082) 64172333,"dictum cursus. Nunc mauris elit, dictum eu, eleifend nec,"
Erica,Montgomery,montes.nascetur.ridiculus@outlook.com,(037683) 663606,mauris a nunc. In at pede. Cras vulputate velit eu sem. Pellentesque ut
Sasha,Kennedy,placerat.cras@outlook.couk,(025) 11608665,"molestie tellus. Aenean egestas hendrerit neque. In ornare sagittis felis. Donec tempor, est ac mattis semper,"
Kay,Burt,nulla.magna@outlook.net,(05438) 1284836,"posuere vulputate, lacus. Cras interdum. Nunc sollicitudin"
Yasir,Oneil,a.purus@icloud.org,(088) 66204723,fames ac turpis egestas. Fusce aliquet magna a neque. Nullam ut
Raya,Duncan,morbi@aol.ca,(057) 13789003,malesuada. Integer id magna et ipsum cursus vestibulum. Mauris magna. Duis dignissim tempor arcu. Vestibulum ut eros non enim
Colorado,Haynes,porttitor.interdum@icloud.couk,(03586) 4629975,Aliquam fringilla cursus purus. Nullam scelerisque neque sed
Carson,Newton,mauris@protonmail.ca,(058) 67875292,"erat semper rutrum. Fusce dolor quam, elementum at,"
Mikayla,Holmes,eu.erat.semper@hotmail.edu,(06858) 7518340,"sit amet risus. Donec egestas. Aliquam nec enim. Nunc ut erat. Sed nunc est,"
Nash,Shepherd,facilisis.suspendisse@hotmail.ca,(034421) 239265,"molestie tellus. Aenean egestas hendrerit neque. In ornare sagittis felis. Donec tempor, est ac mattis semper, dui lectus rutrum"
Beatrice,Villarreal,metus.vivamus.euismod@icloud.ca,(031665) 188329,"quis massa. Mauris vestibulum, neque sed dictum eleifend,"
Addison,Davenport,libero.integer@hotmail.edu,(050) 83364163,"fringilla ornare placerat, orci lacus vestibulum"
Moses,Mason,ut.odio@google.edu,(036913) 145783,"et, rutrum non, hendrerit id, ante. Nunc mauris sapien, cursus"
Tarik,Flynn,tempus.non@hotmail.net,(05273) 1387533,enim. Etiam imperdiet dictum magna. Ut tincidunt orci
Colton,Cardenas,nullam.scelerisque.neque@yahoo.net,(02128) 7538118,arcu vel quam dignissim pharetra. Nam ac nulla. In tincidunt congue turpis. In condimentum. Donec at arcu.
Hashim,Rivers,vel.mauris@google.com,(036424) 635255,a mi fringilla mi lacinia mattis. Integer eu
Nola,Serrano,lacus.ut@icloud.org,(036678) 611750,"Nam ligula elit, pretium et, rutrum non, hendrerit id, ante. Nunc mauris sapien, cursus in, hendrerit consectetuer, cursus"
Iris,Richmond,elit@outlook.couk,(063) 72514686,"diam nunc, ullamcorper eu, euismod ac,"
Wyatt,Mckinney,id@protonmail.org,(02746) 7715388,"pede sagittis augue, eu tempor erat neque non"
Colette,Lee,molestie.pharetra.nibh@aol.net,(0484) 47833870,lacus. Mauris non dui nec urna suscipit nonummy. Fusce fermentum fermentum arcu. Vestibulum ante ipsum primis in faucibus
Quinlan,Sutton,sed@icloud.couk,(01293) 7968317,ante. Vivamus non lorem vitae odio sagittis semper. Nam tempor diam dictum sapien. Aenean massa. Integer vitae nibh. Donec est
Jada,Justice,in@aol.ca,(0558) 25321632,"id ante dictum cursus. Nunc mauris elit, dictum"
Keegan,Zamora,donec.est@icloud.com,(017) 28522327,"Donec elementum, lorem ut aliquam iaculis, lacus pede sagittis"
Amir,Mathews,convallis.convallis.dolor@aol.ca,(04452) 6865949,"Mauris vel turpis. Aliquam adipiscing lobortis risus. In mi pede, nonummy ut, molestie in, tempus"
Keiko,Brewer,curabitur@google.couk,(069) 08857066,"faucibus lectus, a sollicitudin orci sem eget massa. Suspendisse eleifend."
Petra,Cooley,ipsum.primis@yahoo.couk,(0929) 56837159,"eget varius ultrices, mauris ipsum porta elit, a feugiat tellus lorem eu metus. In lorem. Donec elementum,"
Jamalia,Lopez,vestibulum.massa.rutrum@aol.org,(04773) 5597311,"Aliquam tincidunt, nunc ac mattis ornare, lectus ante dictum mi, ac mattis velit justo"
Len,Jimenez,pede@protonmail.couk,(081) 55323892,"ullamcorper. Duis at lacus. Quisque purus sapien, gravida non, sollicitudin a, malesuada id, erat. Etiam"
MacKenzie,Woods,ullamcorper.nisl@yahoo.couk,(0216) 72273612,in sodales elit erat vitae risus. Duis a mi fringilla mi lacinia mattis. Integer eu lacus.
Emi,Pierce,enim.condimentum@aol.edu,(031616) 827117,nascetur ridiculus mus. Aenean eget magna. Suspendisse tristique neque venenatis lacus. Etiam bibendum
Laurel,Hunt,elit.fermentum@outlook.net,(034328) 153552,Pellentesque ultricies dignissim lacus. Aliquam rutrum lorem ac risus. Morbi metus. Vivamus euismod urna. Nullam lobortis quam a
Damian,Bernard,nonummy@hotmail.org,(05057) 7232987,non dui nec urna suscipit nonummy. Fusce fermentum fermentum arcu. Vestibulum ante
Chase,Gallegos,vel.pede@outlook.net,(018) 58306663,"at, egestas a, scelerisque sed, sapien. Nunc pulvinar"
Giselle,Lambert,integer.eu.lacus@icloud.org,(031144) 833753,"massa lobortis ultrices. Vivamus rhoncus. Donec est. Nunc ullamcorper, velit in aliquet lobortis, nisi nibh lacinia orci,"
Dane,Tyson,nonummy.ut@outlook.net,(066) 65015723,"Curabitur ut odio vel est tempor bibendum. Donec felis orci, adipiscing non, luctus sit amet,"
Hashim,Hester,morbi@icloud.org,(033136) 377156,"orci, adipiscing non, luctus sit amet,"
Melanie,Shaw,metus.in.lorem@hotmail.ca,(036455) 812482,egestas ligula. Nullam feugiat placerat velit. Quisque varius. Nam porttitor
Hanna,Wyatt,placerat.eget.venenatis@yahoo.org,(0801) 40229185,"pretium et, rutrum non, hendrerit id, ante."
Ruth,Daniels,justo.eu@hotmail.couk,(081) 28374134,"mauris. Morbi non sapien molestie orci tincidunt adipiscing. Mauris molestie pharetra nibh. Aliquam ornare, libero at"
Dara,Heath,tellus.aenean@protonmail.net,(084) 54541781,"lectus pede, ultrices a, auctor non, feugiat nec, diam. Duis"
Nissim,Hughes,lobortis.augue@aol.com,(034448) 251389,et netus et malesuada fames ac turpis egestas. Aliquam fringilla cursus purus. Nullam scelerisque neque sed sem
Cyrus,Henderson,curabitur@aol.couk,(0260) 02929878,sit amet massa. Quisque porttitor eros
Vance,Kidd,aliquet.nec.imperdiet@yahoo.net,(0068) 75878281,"mattis ornare, lectus ante dictum mi, ac mattis velit justo nec"
Kato,Wells,quisque.imperdiet.erat@icloud.ca,(033) 07292407,"euismod in, dolor. Fusce feugiat."
Brooke,Buchanan,libero.proin@protonmail.org,(039444) 441105,In tincidunt congue turpis. In condimentum. Donec at arcu. Vestibulum ante ipsum primis in faucibus orci luctus et ultrices posuere
Aileen,Faulkner,ac@hotmail.edu,(03018) 2386236,"velit. Sed malesuada augue ut lacus. Nulla tincidunt, neque vitae semper egestas, urna justo"
Jael,Levy,elementum.lorem@protonmail.org,(035473) 689089,tristique neque venenatis lacus. Etiam bibendum fermentum metus. Aenean sed pede nec
Mohammad,Good,leo.cras@google.couk,(031322) 783795,"mi enim, condimentum eget, volutpat ornare, facilisis eget, ipsum. Donec sollicitudin adipiscing ligula."
Camden,Austin,nisi.cum@protonmail.org,(052) 12032525,"at lacus. Quisque purus sapien, gravida non, sollicitudin a, malesuada id, erat. Etiam vestibulum massa"
Roary,Hayden,integer.tincidunt@hotmail.net,(034368) 060143,"sagittis semper. Nam tempor diam dictum sapien. Aenean massa. Integer vitae nibh. Donec est mauris, rhoncus id, mollis nec,"
William,Keith,placerat@protonmail.edu,(02318) 4867402,"sed dictum eleifend, nunc risus varius orci, in consequat"
Zachary,Banks,nec.enim@google.com,(079) 14441054,"Etiam laoreet, libero et tristique pellentesque, tellus"
Zelenia,Bradford,dolor.nulla.semper@outlook.ca,(035) 47951788,"mollis non, cursus non, egestas a, dui. Cras pellentesque. Sed"
Emmanuel,Hopkins,phasellus.vitae@google.edu,(04217) 9923578,malesuada fringilla est. Mauris eu turpis.
Channing,Boyle,diam.sed@google.com,(0871) 77147260,"nostra, per inceptos hymenaeos. Mauris ut quam vel sapien imperdiet ornare. In faucibus. Morbi vehicula. Pellentesque"
Jin,Dyer,diam.pellentesque@yahoo.net,(0922) 36976857,"gravida mauris ut mi. Duis risus odio, auctor"
Norman,Vargas,quam.pellentesque@google.edu,(072) 07387633,non quam. Pellentesque habitant morbi tristique senectus et netus et malesuada fames ac turpis egestas.
Wing,Dunlap,enim@icloud.couk,(011) 70242265,dictum. Phasellus in felis. Nulla tempor
Sage,Shields,et.magnis@aol.edu,(048) 95120586,"Cras lorem lorem, luctus ut, pellentesque eget, dictum placerat, augue."
Jelani,Scott,vel@hotmail.net,(015) 66046867,"ac tellus. Suspendisse sed dolor. Fusce mi lorem, vehicula et, rutrum eu,"
Jerry,Hewitt,lobortis.ultrices@aol.org,(035084) 561432,"Nam nulla magna, malesuada vel, convallis in, cursus et, eros. Proin ultrices. Duis volutpat nunc sit amet metus. Aliquam"
Honorato,Kirby,cursus.luctus@aol.org,(0505) 64428907,"lectus. Nullam suscipit, est ac facilisis"
Ulysses,Delgado,dolor@protonmail.org,(0988) 17012648,eget lacus. Mauris non dui nec urna suscipit nonummy. Fusce fermentum fermentum arcu. Vestibulum ante
Hilel,Haynes,malesuada@hotmail.edu,(030872) 834980,Proin ultrices. Duis volutpat nunc sit amet metus.
Dieter,Rivas,etiam.laoreet@aol.org,(01072) 5616526,diam. Pellentesque habitant morbi tristique senectus et netus et malesuada fames ac turpis egestas. Fusce
Maryam,Diaz,dolor@outlook.org,(030759) 301655,"sodales elit erat vitae risus. Duis a mi fringilla mi lacinia mattis. Integer eu lacus. Quisque imperdiet, erat"
Kirestin,Hester,imperdiet.ornare@icloud.com,(035879) 550634,"Donec non justo. Proin non massa non ante bibendum ullamcorper. Duis cursus, diam at pretium aliquet, metus urna"
Julie,Best,nisi@outlook.net,(02474) 3465102,"Nam nulla magna, malesuada vel, convallis in, cursus et, eros. Proin ultrices. Duis volutpat nunc sit amet metus."
Galena,Mcgowan,magna.nec@protonmail.net,(08804) 7867148,sed leo. Cras vehicula aliquet libero. Integer in magna. Phasellus dolor
Laith,Perry,enim.curabitur@google.com,(0947) 63696221,"eleifend vitae, erat. Vivamus nisi. Mauris nulla. Integer urna."
Stuart,Hanson,cursus.non.egestas@icloud.ca,(035) 74687179,nec tempus mauris erat eget ipsum. Suspendisse sagittis. Nullam vitae diam. Proin dolor. Nulla semper tellus
Cheyenne,Stafford,et.rutrum@outlook.com,(058) 53368134,"neque vitae semper egestas, urna justo faucibus lectus, a sollicitudin orci sem eget massa. Suspendisse eleifend. Cras sed"
Karyn,Vaughn,sociosqu.ad@google.org,(037215) 226671,fringilla euismod enim. Etiam gravida molestie arcu. Sed eu nibh vulputate mauris sagittis placerat.
Savannah,Mccarty,sed.est@google.net,(0719) 31562373,"imperdiet, erat nonummy ultricies ornare, elit elit fermentum risus, at fringilla purus mauris a nunc. In at pede. Cras vulputate"
Kelsey,Chandler,cursus.vestibulum.mauris@hotmail.org,(0847) 83249752,"laoreet ipsum. Curabitur consequat, lectus sit amet luctus vulputate, nisi sem semper erat, in consectetuer ipsum nunc id enim. Curabitur"
Tarik,Bates,neque.pellentesque@hotmail.org,(024) 81752468,Duis volutpat nunc sit amet metus. Aliquam erat
Hope,Tillman,vitae@outlook.net,(066) 58283304,"felis, adipiscing fringilla, porttitor vulputate, posuere vulputate, lacus. Cras interdum. Nunc sollicitudin commodo ipsum. Suspendisse non leo. Vivamus nibh dolor,"
Amery,Hatfield,est.mollis.non@yahoo.ca,(039071) 826480,"massa. Integer vitae nibh. Donec est mauris, rhoncus id, mollis nec, cursus a, enim. Suspendisse aliquet, sem ut cursus"
Cara,Fuller,dignissim.tempor.arcu@aol.ca,(046) 88825576,"pede, nonummy ut, molestie in, tempus eu, ligula. Aenean euismod mauris eu elit."
Mufutau,Frazier,molestie.sodales.mauris@outlook.edu,(050) 77344594,velit. Sed malesuada augue ut lacus.
Desirae,Nunez,a.sollicitudin@yahoo.edu,(043) 94437336,Donec at arcu. Vestibulum ante ipsum primis in faucibus orci luctus et ultrices posuere cubilia Curae
Aurelia,Munoz,metus.in@outlook.edu,(085) 36593839,vel arcu eu odio tristique
Wing,Harris,eget@outlook.net,(012) 55575641,aliquam adipiscing lacus. Ut nec urna et arcu imperdiet ullamcorper. Duis at lacus. Quisque
Minerva,Montoya,lobortis.nisi@google.com,(014) 76298637,"pede nec ante blandit viverra. Donec tempus, lorem fringilla ornare placerat, orci lacus vestibulum lorem, sit amet"
Ciaran,Moran,curae@protonmail.edu,(0754) 33948666,"Donec nibh enim, gravida sit amet, dapibus id, blandit at,"
Wynter,Kirkland,placerat.augue@yahoo.ca,(0610) 60677634,"cursus non, egestas a, dui. Cras pellentesque."
Theodore,Hinton,at.iaculis@outlook.org,(07379) 9789813,"nec, diam. Duis mi enim,"
Brenden,Estes,adipiscing.elit@aol.edu,(008) 86668141,feugiat placerat velit. Quisque varius. Nam porttitor scelerisque neque. Nullam nisl. Maecenas malesuada fringilla est. Mauris eu turpis. Nulla aliquet.
Isaac,Weeks,mattis.ornare@hotmail.edu,(0845) 80622832,"amet luctus vulputate, nisi sem semper erat, in consectetuer"
Flynn,Shelton,vel.lectus@yahoo.org,(0462) 55444434,"nisl. Nulla eu neque pellentesque massa lobortis ultrices. Vivamus rhoncus. Donec est. Nunc ullamcorper, velit in aliquet lobortis,"
Cora,Norton,metus.sit@icloud.com,(0267) 33528789,"amet, consectetuer adipiscing elit. Curabitur sed tortor. Integer aliquam adipiscing lacus. Ut nec urna et arcu imperdiet ullamcorper."
Jaime,Mack,quisque@icloud.edu,(05812) 5878577,"rutrum, justo. Praesent luctus. Curabitur egestas nunc sed libero. Proin sed turpis nec mauris blandit mattis. Cras eget"
Damian,Langley,nunc@yahoo.ca,(035237) 534264,In condimentum. Donec at arcu.
Ferris,Gill,aliquam.arcu.aliquam@outlook.net,(041) 25116303,"egestas blandit. Nam nulla magna, malesuada vel, convallis in, cursus"
Juliet,Merritt,et.pede@icloud.org,(01856) 6663511,"vel lectus. Cum sociis natoque penatibus et magnis dis parturient montes, nascetur ridiculus mus. Donec dignissim magna a"
Catherine,Aguirre,tellus.imperdiet.non@outlook.com,(093) 10342735,a nunc. In at pede. Cras vulputate velit eu sem. Pellentesque ut ipsum ac mi eleifend
Arsenio,Holman,vitae.orci@icloud.net,(037291) 539741,"egestas blandit. Nam nulla magna, malesuada"
Nigel,Joyce,nec.leo@icloud.ca,(031) 71024018,"consectetuer, cursus et, magna. Praesent interdum ligula eu enim. Etiam imperdiet dictum magna. Ut tincidunt"
Ramona,Buckley,donec.at@protonmail.edu,(032183) 264165,"sapien. Nunc pulvinar arcu et pede. Nunc sed orci lobortis augue scelerisque mollis. Phasellus libero mauris, aliquam eu, accumsan sed,"
Guy,Weiss,augue.malesuada@yahoo.net,(036138) 027597,ipsum primis in faucibus orci luctus et
Edan,Rodriquez,sed@aol.edu,(07168) 9654875,urna. Nunc quis arcu vel
Aristotle,Shaw,diam.sed@google.net,(03362) 7058438,"Morbi sit amet massa. Quisque porttitor eros nec tellus. Nunc lectus pede, ultrices a, auctor non, feugiat nec,"
Cade,Olson,orci.lacus@icloud.com,(02476) 5463743,"ultricies ligula. Nullam enim. Sed nulla ante, iaculis nec, eleifend non,"
Maxine,Baxter,libero.et@google.net,(046) 72830553,at pede. Cras vulputate velit eu sem.
Avye,Workman,mattis.velit@aol.ca,(026) 43878438,"Duis cursus, diam at pretium aliquet,"
Phelan,Delacruz,sit.amet@outlook.ca,(033695) 351046,Proin velit. Sed malesuada augue ut
Armando,Pacheco,quisque@google.couk,(036902) 555790,"Fusce dolor quam, elementum at, egestas a, scelerisque sed, sapien. Nunc pulvinar"
Lareina,Warren,nulla.integer.vulputate@yahoo.net,(035365) 427486,feugiat metus sit amet ante. Vivamus non lorem vitae odio sagittis semper. Nam tempor diam
Brielle,Stafford,nulla.cras@outlook.ca,(034485) 439918,"porttitor eros nec tellus. Nunc lectus pede, ultrices a, auctor non, feugiat nec, diam. Duis mi enim, condimentum eget,"
Hilda,Rowe,natoque.penatibus.et@google.com,(086) 75134255,feugiat placerat velit. Quisque varius. Nam porttitor scelerisque neque. Nullam
McKenzie,Lowery,velit.quisque@protonmail.ca,(047) 11161762,"eu enim. Etiam imperdiet dictum magna. Ut tincidunt orci quis lectus. Nullam suscipit, est ac facilisis facilisis, magna tellus"
Suki,Whitaker,nulla.facilisis.suspendisse@protonmail.edu,(0540) 04385162,semper tellus id nunc interdum feugiat. Sed nec metus facilisis lorem tristique aliquet. Phasellus fermentum convallis ligula. Donec luctus aliquet
Chastity,Hobbs,tincidunt.nunc.ac@icloud.couk,(0751) 83198318,id magna et ipsum cursus vestibulum. Mauris
Maryam,Kline,in.sodales@protonmail.edu,(0825) 81640361,pharetra. Nam ac nulla. In tincidunt congue turpis. In condimentum. Donec at arcu. Vestibulum ante
Gannon,Whitney,ligula.consectetuer@google.net,(020) 80029181,Sed dictum. Proin eget odio. Aliquam vulputate ullamcorper magna. Sed eu eros. Nam consequat dolor vitae dolor.
Patrick,Myers,sit.amet@aol.org,(035817) 657755,"vehicula risus. Nulla eget metus eu erat semper rutrum. Fusce dolor quam, elementum at, egestas a, scelerisque sed,"
Ezekiel,Riley,odio.auctor.vitae@aol.org,(038445) 155528,"Sed pharetra, felis eget varius ultrices, mauris"
Hilary,Parks,tempor.lorem@icloud.org,(03726) 6352162,massa. Suspendisse eleifend. Cras sed leo. Cras vehicula aliquet libero. Integer
Palmer,Combs,non.hendrerit@yahoo.edu,(037874) 826108,pede. Praesent eu dui. Cum sociis natoque penatibus et magnis
Kylee,Hardin,aliquam.rutrum@aol.net,(05557) 4461683,"sed dolor. Fusce mi lorem, vehicula et, rutrum eu, ultrices sit amet, risus. Donec"
Raja,Sexton,urna.nec@yahoo.com,(011) 07325148,"aliquet, sem ut cursus luctus,"
Talon,Mullen,varius@yahoo.net,(09875) 6663337,"enim nec tempus scelerisque, lorem ipsum sodales purus, in molestie tortor nibh sit amet orci. Ut"
Honorato,Sexton,vitae@outlook.ca,(014) 12784546,"mauris. Suspendisse aliquet molestie tellus. Aenean egestas hendrerit neque. In ornare sagittis felis. Donec tempor, est ac"
Garth,Terry,odio.a@outlook.net,(0641) 17542767,"vestibulum nec, euismod in, dolor. Fusce feugiat. Lorem ipsum dolor sit amet, consectetuer adipiscing"
Kaseem,Beasley,convallis.convallis@protonmail.net,(027) 72023273,"est, congue a, aliquet vel, vulputate eu, odio. Phasellus at augue id ante dictum cursus. Nunc mauris elit, dictum"
Hermione,Carson,adipiscing.lobortis@protonmail.couk,(0442) 01220448,ac turpis egestas. Fusce aliquet magna a neque. Nullam ut
Reed,Hopkins,blandit.viverra@outlook.org,(031402) 259611,egestas nunc sed libero. Proin sed turpis nec mauris blandit
Meghan,Saunders,litora.torquent.per@outlook.org,(0854) 53623804,enim. Etiam imperdiet dictum magna. Ut tincidunt orci quis lectus. Nullam
Zeph,Simon,mauris.non.dui@protonmail.couk,(032207) 395435,"elit sed consequat auctor, nunc nulla vulputate dui, nec"
Barry,Williamson,augue.eu@icloud.com,(031361) 124306,ac urna. Ut tincidunt vehicula risus. Nulla eget
Nissim,Dalton,a.magna@hotmail.ca,(082) 61862232,"dictum eleifend, nunc risus varius orci, in consequat enim diam vel arcu. Curabitur ut odio vel est"
Rebecca,Douglas,nec.quam@hotmail.com,(04317) 3241004,morbi tristique senectus et netus et malesuada fames ac turpis egestas. Aliquam fringilla cursus purus. Nullam
Deacon,Avila,consectetuer@icloud.edu,(0704) 48933317,"lobortis. Class aptent taciti sociosqu ad litora torquent per conubia nostra, per inceptos hymenaeos. Mauris"
Patricia,Moses,pharetra@google.net,(034521) 447369,in consectetuer ipsum nunc id enim.
Tanner,Kidd,venenatis.lacus@yahoo.ca,(062) 38772234,"Proin nisl sem, consequat nec, mollis vitae,"
Grady,Olsen,in.lorem@yahoo.couk,(039357) 274928,Aenean gravida nunc sed pede. Cum sociis natoque penatibus
Brenna,Cain,bibendum.ullamcorper@outlook.org,(0333) 77714714,"lobortis ultrices. Vivamus rhoncus. Donec est. Nunc ullamcorper,"
Marsden,Powers,a.tortor@hotmail.org,(0913) 27836521,Quisque varius. Nam porttitor scelerisque neque. Nullam nisl. Maecenas malesuada fringilla
Desiree,Holloway,sodales.nisi@outlook.edu,(0987) 02351364,"Lorem ipsum dolor sit amet, consectetuer adipiscing elit. Aliquam auctor, velit eget laoreet posuere,"
Ariel,Walsh,id.enim@outlook.edu,(039628) 006697,in lobortis tellus justo sit amet nulla. Donec
Basia,Blackwell,a.malesuada@icloud.net,(066) 81122832,"convallis, ante lectus convallis est, vitae sodales nisi magna sed"
April,Porter,justo@hotmail.ca,(09426) 3255418,"egestas a, scelerisque sed, sapien. Nunc pulvinar arcu et pede. Nunc sed orci lobortis augue scelerisque mollis."
Asher,Espinoza,amet.ornare@icloud.net,(03777) 6923936,"lorem lorem, luctus ut, pellentesque eget, dictum placerat, augue. Sed molestie. Sed id risus quis diam luctus lobortis. Class"
Jared,Hurst,nisi.mauris.nulla@google.edu,(034) 74103276,"metus. In lorem. Donec elementum, lorem"
Kieran,Humphrey,cursus.et@aol.net,(037) 65864460,"arcu. Curabitur ut odio vel est tempor bibendum. Donec felis orci, adipiscing non, luctus sit"
Lane,Green,cras.dictum@aol.net,(036718) 464821,"lacinia. Sed congue, elit sed consequat auctor, nunc nulla vulputate dui, nec tempus mauris erat"
Chandler,Snider,quisque@protonmail.org,(02941) 3117477,"interdum. Nunc sollicitudin commodo ipsum. Suspendisse non leo. Vivamus nibh dolor, nonummy ac, feugiat non, lobortis quis, pede. Suspendisse dui."
May,Salinas,pellentesque.sed@yahoo.org,(09637) 5877802,"ultricies adipiscing, enim mi tempor lorem, eget mollis lectus pede et risus. Quisque libero lacus, varius et, euismod"
Sierra,Rodriguez,sed@outlook.org,(0188) 49181762,"augue ut lacus. Nulla tincidunt, neque vitae semper egestas, urna justo faucibus lectus, a sollicitudin"
Echo,Cooke,nunc.sed.orci@icloud.couk,(031494) 574447,"egestas. Aliquam nec enim. Nunc ut erat. Sed nunc est, mollis non, cursus non, egestas a, dui. Cras"
Sandra,Christensen,senectus.et.netus@aol.com,(083) 64473484,quam dignissim pharetra. Nam ac nulla. In tincidunt congue turpis. In condimentum.
Adria,Olsen,tellus@yahoo.edu,(0134) 29107288,"dolor quam, elementum at, egestas a, scelerisque sed, sapien. Nunc pulvinar arcu"
Thane,Atkinson,neque@hotmail.edu,(030164) 987487,tempor arcu. Vestibulum ut eros non enim commodo hendrerit.
Lee,Crawford,leo@outlook.org,(04784) 0597411,"convallis, ante lectus convallis est, vitae sodales nisi magna sed dui. Fusce aliquam, enim nec"
Ulysses,Cabrera,placerat.orci.lacus@yahoo.couk,(0590) 24949444,a odio semper cursus. Integer mollis. Integer tincidunt aliquam arcu. Aliquam ultrices iaculis
Hollee,Cline,euismod.enim@aol.net,(022) 53962288,"sit amet luctus vulputate, nisi sem semper erat,"
Courtney,Cooley,vestibulum.neque@yahoo.couk,(08357) 1264184,in faucibus orci luctus et ultrices posuere cubilia Curae
Mannix,Mitchell,hendrerit.a@hotmail.com,(0396) 54547482,"Sed pharetra, felis eget varius ultrices,"
Yoko,Pace,dolor.quisque@yahoo.org,(038333) 173318,"Nunc mauris elit, dictum eu, eleifend nec, malesuada ut, sem. Nulla"
Tanisha,Nixon,feugiat.placerat@protonmail.net,(034) 28272880,"ut aliquam iaculis, lacus pede sagittis augue, eu tempor erat neque non quam."
Tiger,Pickett,fames@icloud.edu,(04887) 8148935,Curabitur vel lectus. Cum sociis natoque penatibus et magnis dis parturient
Mannix,Chase,erat.vel@google.org,(059) 97676214,"sed dui. Fusce aliquam, enim nec tempus scelerisque, lorem ipsum sodales purus, in molestie tortor nibh sit amet orci. Ut"
Ainsley,Mueller,aliquet.molestie@icloud.org,(032794) 318976,Aenean sed pede nec ante
Amir,Cohen,orci.ut.sagittis@icloud.org,(01617) 3959911,nec tempus mauris erat eget ipsum. Suspendisse sagittis. Nullam vitae diam. Proin dolor. Nulla
Hakeem,Navarro,sed@aol.couk,(0705) 25830471,massa. Vestibulum accumsan neque et nunc. Quisque ornare tortor at risus. Nunc ac sem ut dolor dapibus
Chaney,Burnett,fames.ac@aol.org,(08885) 5278370,"lobortis quam a felis ullamcorper viverra. Maecenas iaculis aliquet diam. Sed diam lorem, auctor quis, tristique ac, eleifend vitae,"
Plato,Patton,integer@outlook.couk,(0830) 40828343,"aliquet libero. Integer in magna. Phasellus dolor elit, pellentesque a, facilisis non,"
Justin,Livingston,vulputate.risus@protonmail.ca,(03439) 6218861,"aliquet vel, vulputate eu, odio. Phasellus at augue id ante"
Leroy,Larson,dui.fusce@hotmail.couk,(040) 21634120,"non, dapibus rutrum, justo. Praesent luctus. Curabitur egestas nunc"
Harding,Edwards,est@outlook.com,(039895) 273646,eu tempor erat neque non quam. Pellentesque habitant morbi tristique senectus et netus et
August,Ferguson,fringilla.euismod@protonmail.net,(037584) 934485,"nunc nulla vulputate dui, nec tempus mauris erat eget ipsum. Suspendisse sagittis. Nullam vitae"
Mannix,Moon,sapien@aol.ca,(030) 46175999,"semper, dui lectus rutrum urna, nec luctus felis purus"
Adrian,Stanton,purus.nullam@icloud.net,(05654) 0796915,"ultrices sit amet, risus. Donec nibh enim, gravida sit amet, dapibus"
Derek,Foley,est.mauris.eu@yahoo.couk,(0883) 38136286,"non, lacinia at, iaculis quis, pede. Praesent eu dui. Cum sociis natoque penatibus et"
Damian,Beck,lacus.quisque@outlook.org,(037734) 978375,"mus. Proin vel arcu eu odio tristique pharetra. Quisque ac libero nec ligula consectetuer rhoncus. Nullam velit dui, semper"
Jesse,Perkins,non.hendrerit@yahoo.ca,(0631) 63342254,"elit, a feugiat tellus lorem eu metus. In lorem. Donec elementum, lorem ut aliquam iaculis,"
Allen,Ochoa,proin.mi.aliquam@google.couk,(06417) 0476248,"Aliquam adipiscing lobortis risus. In mi pede, nonummy ut,"
Dane,Quinn,sit.amet.diam@google.ca,(032322) 241679,vel sapien imperdiet ornare. In faucibus. Morbi vehicula. Pellentesque tincidunt tempus risus. Donec egestas. Duis ac arcu. Nunc mauris.
Gemma,Chang,cras.interdum.nunc@outlook.org,(0936) 92462227,Sed eu nibh vulputate mauris sagittis placerat. Cras dictum ultricies ligula. Nullam enim. Sed
Isabelle,Branch,ut.sagittis@google.edu,(036743) 529607,vel quam dignissim pharetra. Nam ac nulla.
Wesley,Rodriquez,ut.pellentesque.eget@yahoo.org,(0424) 33946292,"Nunc ac sem ut dolor dapibus gravida. Aliquam tincidunt, nunc ac mattis ornare,"
Charity,Phillips,lorem.ipsum@hotmail.org,(017) 38867511,"luctus sit amet, faucibus ut, nulla. Cras eu tellus eu augue porttitor interdum. Sed auctor odio a"
Branden,Cote,ac.risus.morbi@icloud.org,(02163) 4215406,"vitae semper egestas, urna justo faucibus lectus, a sollicitudin orci sem eget massa. Suspendisse eleifend. Cras sed leo. Cras"
August,Melton,amet.dapibus.id@aol.net,(0220) 87505262,felis. Nulla tempor augue ac ipsum. Phasellus
Kevin,Mcneil,tellus@google.com,(038444) 148518,"dui. Fusce diam nunc, ullamcorper eu, euismod ac, fermentum vel,"
Rhiannon,York,orci@google.edu,(0638) 62418589,"tincidunt, nunc ac mattis ornare, lectus ante dictum"
Flynn,Bowers,pellentesque.massa@protonmail.couk,(0843) 48131350,Proin vel nisl. Quisque fringilla euismod enim. Etiam gravida molestie arcu. Sed eu nibh vulputate mauris sagittis placerat. Cras dictum
Sara,Martin,ullamcorper.nisl@google.ca,(098) 27220772,Curabitur massa. Vestibulum accumsan neque et nunc. Quisque ornare tortor at risus.
Conan,Horn,lacus@icloud.ca,(0285) 26165774,"Sed auctor odio a purus. Duis elementum, dui"
Macon,Farrell,mi.aliquam@outlook.couk,(06536) 7169072,condimentum. Donec at arcu. Vestibulum ante ipsum primis in
Fulton,Lane,in.faucibus@outlook.couk,(02151) 8406383,"lectus rutrum urna, nec luctus felis purus ac tellus. Suspendisse"
Nicholas,King,quis.lectus.nullam@hotmail.org,(08643) 2266130,ultrices posuere cubilia Curae Donec tincidunt. Donec vitae erat
Alexis,Morrow,vel@yahoo.couk,(032167) 223454,"vulputate, lacus. Cras interdum. Nunc sollicitudin commodo ipsum. Suspendisse non leo. Vivamus nibh dolor, nonummy ac,"
Jolie,Burgess,enim.nisl@outlook.couk,(031936) 232715,orci lobortis augue scelerisque mollis. Phasellus libero
Brianna,Chambers,lorem.ac@icloud.ca,(071) 11694853,"nonummy ac, feugiat non, lobortis quis, pede. Suspendisse dui. Fusce diam nunc, ullamcorper eu, euismod ac, fermentum vel, mauris."
Lionel,Todd,mauris.blandit.enim@outlook.org,(069) 45760699,netus et malesuada fames ac turpis egestas. Fusce aliquet magna a neque. Nullam ut nisi
Bevis,Beard,mauris.blandit.mattis@protonmail.ca,(06857) 4717651,"consectetuer, cursus et, magna. Praesent interdum ligula eu enim."
Ruby,Jarvis,arcu.vivamus@yahoo.edu,(0832) 86718709,"Cras dictum ultricies ligula. Nullam enim. Sed nulla ante, iaculis nec, eleifend"
Quamar,Strickland,mus.aenean.eget@google.org,(0094) 88586685,"diam. Sed diam lorem, auctor quis, tristique ac, eleifend vitae, erat. Vivamus nisi. Mauris nulla. Integer"
Clementine,Levine,magna.phasellus@icloud.ca,(035336) 017677,primis in faucibus orci luctus et ultrices posuere cubilia Curae Donec tincidunt. Donec vitae erat vel pede blandit congue.
Aline,Graham,enim@hotmail.com,(0296) 86532816,"orci, adipiscing non, luctus sit amet, faucibus ut, nulla. Cras eu tellus eu augue porttitor"
Gail,Merritt,penatibus.et@yahoo.com,(021) 80382536,"sollicitudin adipiscing ligula. Aenean gravida nunc sed pede. Cum sociis natoque penatibus et magnis dis parturient montes,"
Cailin,Wynn,neque.venenatis.lacus@protonmail.ca,(032612) 211534,"egestas a, scelerisque sed, sapien. Nunc pulvinar arcu et pede. Nunc sed orci lobortis augue scelerisque mollis. Phasellus"
Brandon,Calderon,augue.scelerisque@hotmail.edu,(036368) 289737,"sodales at, velit. Pellentesque ultricies dignissim lacus. Aliquam rutrum lorem ac"
Merrill,Banks,luctus.aliquet.odio@yahoo.net,(0155) 32216986,"facilisis non, bibendum sed, est. Nunc laoreet lectus quis massa. Mauris vestibulum,"
Sopoline,Compton,a@google.net,(01859) 4656015,"lobortis, nisi nibh lacinia orci, consectetuer euismod est arcu ac orci. Ut semper pretium neque."
Judah,Hicks,ante@icloud.couk,(04367) 8826179,"lacinia mattis. Integer eu lacus. Quisque imperdiet, erat nonummy ultricies ornare, elit elit"
Lareina,Romero,ornare.facilisis@protonmail.ca,(036) 16036433,"tellus lorem eu metus. In lorem. Donec elementum, lorem ut aliquam iaculis,"
Mallory,Cox,cum.sociis.natoque@outlook.com,(0254) 84719657,"eu lacus. Quisque imperdiet, erat nonummy ultricies ornare, elit elit fermentum risus, at"
Halee,Cash,convallis.in@google.org,(0557) 52551734,ultrices. Vivamus rhoncus. Donec est. Nunc
Kirby,Richard,erat.vel@aol.com,(02542) 4107843,"Aliquam ornare, libero at auctor ullamcorper, nisl arcu iaculis enim, sit amet"
Bertha,Kline,lacus.quisque@aol.edu,(02310) 5031602,"dolor, tempus non, lacinia at, iaculis quis, pede. Praesent eu dui. Cum sociis natoque penatibus et magnis"
Rudyard,Valenzuela,velit@protonmail.ca,(08859) 8765663,"quis lectus. Nullam suscipit, est ac facilisis facilisis, magna tellus faucibus leo,"
Rahim,Booker,metus.urna@google.net,(035467) 958518,neque. Nullam nisl. Maecenas malesuada fringilla est. Mauris eu turpis. Nulla aliquet. Proin velit. Sed malesuada augue ut lacus.
Gail,Blake,et.ultrices.posuere@icloud.org,(034) 13818482,"Nulla tincidunt, neque vitae semper egestas, urna justo faucibus lectus, a sollicitudin orci sem eget massa. Suspendisse eleifend."
Justine,Thornton,sed@hotmail.net,(078) 58532287,eu neque pellentesque massa lobortis ultrices. Vivamus rhoncus. Donec est. Nunc
Xandra,Newton,sem.consequat@icloud.com,(0299) 40577483,"sem molestie sodales. Mauris blandit enim consequat purus. Maecenas libero est, congue a, aliquet vel, vulputate eu,"
Kennan,Roach,non.magna@yahoo.couk,(033679) 176716,odio sagittis semper. Nam tempor diam
Alan,Meadows,quis@icloud.org,(0347) 70278267,"purus ac tellus. Suspendisse sed dolor. Fusce mi lorem, vehicula et, rutrum eu, ultrices sit amet, risus. Donec nibh enim,"
Chava,Franco,tempor.erat.neque@yahoo.edu,(031616) 491464,nunc. In at pede. Cras vulputate velit eu sem. Pellentesque ut ipsum ac mi eleifend egestas.
Gage,Byers,cras.convallis@outlook.org,(037) 43123136,"nunc ac mattis ornare, lectus ante dictum mi,"
Aurelia,Patton,eu.erat.semper@protonmail.org,(0989) 36824676,consectetuer adipiscing elit. Curabitur sed tortor. Integer aliquam adipiscing lacus. Ut nec urna
Craig,Shaw,lacinia.mattis@aol.net,(08953) 5432167,felis. Nulla tempor augue ac ipsum. Phasellus vitae mauris sit
Barrett,Finch,dui.in@yahoo.org,(095) 32046032,"vitae, posuere at, velit. Cras lorem lorem, luctus ut, pellentesque eget, dictum placerat, augue. Sed molestie."
Oleg,Hunter,tincidunt.vehicula.risus@yahoo.com,(037442) 860745,diam. Proin dolor. Nulla semper tellus id nunc interdum feugiat. Sed nec metus facilisis lorem tristique aliquet. Phasellus fermentum
Yuri,Sosa,dui.augue@yahoo.ca,(08115) 8138073,"feugiat non, lobortis quis, pede. Suspendisse dui. Fusce diam nunc, ullamcorper eu, euismod ac, fermentum"
Bruno,Grant,fermentum.risus@hotmail.com,(031) 05055607,neque non quam. Pellentesque habitant morbi tristique senectus et netus et
Susan,Patel,primis.in@hotmail.com,(01481) 9825410,Suspendisse eleifend. Cras sed leo. Cras vehicula aliquet libero. Integer in magna.
Palmer,Paul,a.malesuada@outlook.couk,(0882) 62384746,"dolor. Fusce mi lorem, vehicula et, rutrum eu, ultrices sit"
Vivien,Stanley,purus.in@yahoo.com,(00386) 5214623,"eu, placerat eget, venenatis a, magna. Lorem ipsum dolor sit amet,"
Neville,French,dictum.magna@hotmail.net,(050) 67204380,Suspendisse aliquet molestie tellus. Aenean egestas hendrerit neque. In ornare sagittis felis. Donec
Paki,Austin,aliquet.odio@icloud.ca,(013) 73631794,"euismod in, dolor. Fusce feugiat. Lorem ipsum dolor"
Knox,Mccall,vestibulum@yahoo.edu,(058) 36841748,turpis. Nulla aliquet. Proin velit. Sed malesuada augue ut
Wanda,Pickett,diam.lorem@protonmail.ca,(03658) 5947745,"ut, molestie in, tempus eu, ligula. Aenean euismod mauris eu elit. Nulla facilisi. Sed neque. Sed"
Meredith,Cannon,ac.nulla@hotmail.org,(034) 41281443,ac risus. Morbi metus. Vivamus euismod urna. Nullam lobortis quam a felis ullamcorper viverra. Maecenas iaculis
Sasha,Frank,mattis.velit@protonmail.ca,(0634) 32105257,eget nisi dictum augue malesuada malesuada. Integer id magna et ipsum cursus
Cruz,Cochran,egestas@protonmail.org,(091) 20316153,velit. Pellentesque ultricies dignissim lacus. Aliquam rutrum lorem ac risus. Morbi metus. Vivamus euismod urna. Nullam lobortis quam
Clinton,Tate,tempor.augue.ac@protonmail.edu,(035555) 826577,"erat vitae risus. Duis a mi fringilla mi lacinia mattis. Integer eu lacus. Quisque imperdiet, erat"
Sonya,Matthews,cras.eget@icloud.edu,(087) 53775842,arcu. Sed et libero. Proin mi. Aliquam gravida mauris ut mi. Duis risus
Valentine,Alvarado,curabitur.ut@yahoo.couk,(0296) 25429101,"Nunc mauris. Morbi non sapien molestie orci tincidunt adipiscing. Mauris molestie pharetra nibh. Aliquam ornare, libero at"
Candice,Cox,nunc.est@outlook.com,(08347) 6863778,"dapibus id, blandit at, nisi. Cum sociis natoque"
Illiana,Nolan,sed@google.net,(0351) 25688914,senectus et netus et malesuada fames ac turpis egestas. Aliquam fringilla cursus purus. Nullam scelerisque neque sed sem egestas
Alan,Chase,cum.sociis.natoque@google.ca,(042) 16091463,Aliquam fringilla cursus purus. Nullam scelerisque neque sed
Brennan,Wiley,amet.consectetuer.adipiscing@icloud.net,(08028) 8316104,"Lorem ipsum dolor sit amet, consectetuer adipiscing elit."
Zephania,Velazquez,sed.pede@google.net,(04624) 7671388,"sed sem egestas blandit. Nam nulla magna, malesuada vel, convallis in, cursus et, eros. Proin ultrices. Duis volutpat nunc sit"
Stacey,Swanson,tempor.erat.neque@yahoo.net,(084) 51547115,"sagittis felis. Donec tempor, est ac mattis semper,"
Leila,Emerson,quam@outlook.com,(043) 40325434,"mi enim, condimentum eget, volutpat ornare, facilisis eget,"
Jackson,Mercer,sem.ut.dolor@aol.com,(0744) 11113307,"orci tincidunt adipiscing. Mauris molestie pharetra nibh. Aliquam ornare, libero at auctor ullamcorper, nisl arcu iaculis enim, sit amet"
Marcia,Duke,eget@protonmail.com,(016) 42453293,taciti sociosqu ad litora torquent per conubia
Rowan,Hodges,non.ante@yahoo.couk,(032757) 933672,in molestie tortor nibh sit amet orci.
Ignatius,Conley,arcu.vel@outlook.couk,(0770) 98468237,"sem elit, pharetra ut, pharetra sed, hendrerit a, arcu. Sed et"
Neville,Riddle,odio.vel.est@protonmail.couk,(035407) 488687,"sem ut dolor dapibus gravida. Aliquam tincidunt, nunc ac mattis ornare, lectus ante"
Autumn,Christian,duis@outlook.net,(063) 16551861,"eu tellus. Phasellus elit pede, malesuada vel, venenatis vel, faucibus id, libero. Donec consectetuer mauris id sapien. Cras dolor dolor,"
Julie,Kane,pellentesque.massa@protonmail.com,(0784) 25557180,arcu vel quam dignissim pharetra. Nam
Fletcher,Vincent,molestie.orci@yahoo.couk,(066) 08986100,"tincidunt adipiscing. Mauris molestie pharetra nibh. Aliquam ornare, libero at auctor ullamcorper, nisl arcu iaculis enim, sit"
Chester,Christensen,tempor.bibendum@aol.org,(09255) 5466263,"Duis a mi fringilla mi lacinia mattis. Integer eu lacus. Quisque imperdiet, erat"
Clarke,Mays,risus@google.com,(08025) 7768283,"scelerisque sed, sapien. Nunc pulvinar arcu et pede. Nunc"
Jayme,Shepard,ultricies.adipiscing@protonmail.ca,(069) 76375763,"in, cursus et, eros. Proin ultrices. Duis volutpat nunc sit"
Aphrodite,Mason,primis.in.faucibus@outlook.ca,(034191) 697929,ac nulla. In tincidunt congue turpis. In condimentum. Donec at arcu. Vestibulum ante ipsum primis in faucibus orci luctus et
Aladdin,Logan,duis.gravida@icloud.edu,(037180) 222533,Mauris magna. Duis dignissim tempor arcu. Vestibulum ut eros
Dean,Velasquez,non.enim@google.edu,(052) 95742561,"aliquet lobortis, nisi nibh lacinia orci, consectetuer euismod"
Jaime,Yang,parturient.montes@protonmail.ca,(030941) 773764,"diam luctus lobortis. Class aptent taciti sociosqu ad litora torquent per conubia nostra, per inceptos hymenaeos. Mauris"
Emi,Lowe,dolor.donec.fringilla@outlook.couk,(0224) 74199754,vehicula. Pellentesque tincidunt tempus risus. Donec egestas. Duis ac arcu. Nunc mauris. Morbi non sapien molestie orci tincidunt adipiscing. Mauris
Kylynn,Mcclure,nisl.elementum@hotmail.couk,(036275) 197143,tempus mauris erat eget ipsum. Suspendisse sagittis. Nullam vitae diam. Proin dolor. Nulla semper
Joel,Church,sociis@protonmail.couk,(056) 33455173,"consectetuer adipiscing elit. Aliquam auctor, velit eget laoreet posuere,"
Glenna,Gamble,nunc.id@protonmail.ca,(007) 01575351,"vel, mauris. Integer sem elit, pharetra ut, pharetra"
Beverly,Houston,mauris.elit@yahoo.com,(0941) 46494517,Ut nec urna et arcu imperdiet ullamcorper. Duis at lacus. Quisque purus
Amaya,Berry,risus.donec.nibh@icloud.couk,(0226) 85730248,"lorem fringilla ornare placerat, orci lacus vestibulum lorem, sit amet ultricies sem magna nec"
Nadine,Monroe,eu.accumsan.sed@protonmail.ca,(038966) 182713,"ipsum porta elit, a feugiat tellus lorem eu metus. In lorem. Donec elementum, lorem ut"
Jarrod,Ratliff,nunc.ullamcorper.velit@protonmail.couk,(013) 79058853,"eu, accumsan sed, facilisis vitae, orci. Phasellus dapibus quam quis diam. Pellentesque habitant morbi tristique senectus et"
Madeson,Ray,cursus@icloud.edu,(0374) 43474155,aptent taciti sociosqu ad litora torquent
Deirdre,Velez,conubia.nostra.per@google.net,(034502) 936644,"Nulla facilisis. Suspendisse commodo tincidunt nibh. Phasellus nulla. Integer vulputate, risus a ultricies adipiscing, enim mi tempor lorem, eget"
Ferdinand,Floyd,suspendisse.dui@google.ca,(036) 68154427,Sed eu nibh vulputate mauris sagittis placerat. Cras dictum ultricies ligula. Nullam enim. Sed nulla
Judith,Steele,nunc@protonmail.ca,(034095) 583402,"eu, ultrices sit amet, risus. Donec nibh enim, gravida sit"
Micah,Houston,et@protonmail.net,(08956) 5985323,"vel turpis. Aliquam adipiscing lobortis risus. In mi pede, nonummy ut, molestie in, tempus eu,"
Sharon,Fernandez,parturient.montes.nascetur@aol.ca,(064) 76536033,"vulputate, nisi sem semper erat, in consectetuer ipsum"
Kasper,Reilly,sed.pede.cum@aol.org,(06081) 6232112,nunc id enim. Curabitur massa. Vestibulum accumsan
Iliana,Mcintosh,vestibulum.ante.ipsum@hotmail.net,(0386) 40575935,"Quisque ac libero nec ligula consectetuer rhoncus. Nullam velit dui, semper et,"
Keefe,Lott,maecenas.malesuada.fringilla@hotmail.com,(0841) 11956067,Fusce mollis. Duis sit amet diam eu dolor egestas rhoncus.
Malcolm,Dunlap,neque.sed.eget@protonmail.couk,(0444) 14230261,magna a tortor. Nunc commodo auctor velit. Aliquam nisl. Nulla eu neque pellentesque massa lobortis ultrices. Vivamus
Valentine,Ellis,magnis@protonmail.com,(037614) 683234,"ac sem ut dolor dapibus gravida. Aliquam tincidunt, nunc ac mattis ornare, lectus ante dictum mi, ac mattis velit"
Isadora,Patterson,lacus.quisque.purus@outlook.net,(037647) 887344,"elit, pellentesque a, facilisis non, bibendum sed, est. Nunc laoreet lectus quis massa. Mauris vestibulum, neque sed dictum"
Carson,Landry,leo.vivamus@protonmail.net,(0428) 13460755,tortor nibh sit amet orci. Ut sagittis lobortis mauris. Suspendisse
Montana,Rollins,cras.vehicula@hotmail.couk,(025) 59302585,"Vivamus sit amet risus. Donec egestas. Aliquam nec enim. Nunc ut erat. Sed nunc est, mollis"
Erin,Sears,proin.nisl.sem@outlook.com,(034039) 164980,"dictum eu, placerat eget, venenatis a, magna. Lorem ipsum dolor"
Christen,Holland,pede.blandit.congue@hotmail.ca,(038262) 752518,"Quisque purus sapien, gravida non, sollicitudin a,"
Xanthus,Mejia,vitae.orci@aol.ca,(0415) 43912721,"blandit enim consequat purus. Maecenas libero est, congue a, aliquet vel, vulputate eu, odio."
Devin,Holder,integer.id.magna@aol.org,(046) 13381414,"ullamcorper, velit in aliquet lobortis, nisi nibh lacinia orci, consectetuer euismod est arcu ac orci. Ut semper pretium neque."
Joshua,Wilkerson,dui.cras@outlook.couk,(095) 03423351,ligula. Aliquam erat volutpat. Nulla dignissim. Maecenas ornare egestas ligula. Nullam feugiat placerat velit. Quisque varius. Nam
Rhoda,Bray,orci@outlook.couk,(07291) 2775817,urna. Ut tincidunt vehicula risus. Nulla eget metus eu erat semper rutrum. Fusce
Warren,Blackburn,ligula.nullam@outlook.net,(045) 24232137,"auctor, nunc nulla vulputate dui, nec tempus mauris erat eget"
Colt,Chapman,mauris.nulla.integer@google.ca,(038395) 587244,magna. Cras convallis convallis dolor. Quisque tincidunt pede ac urna. Ut tincidunt vehicula risus. Nulla
Blossom,Hicks,arcu.vestibulum.ante@protonmail.couk,(041) 43078668,"fermentum risus, at fringilla purus mauris a nunc. In at pede. Cras vulputate velit eu sem."
Kay,Valentine,augue.porttitor.interdum@protonmail.couk,(0235) 68055153,sagittis. Duis gravida. Praesent eu nulla at sem molestie sodales.
Adam,Mcpherson,et@aol.ca,(062) 85320297,"sapien, cursus in, hendrerit consectetuer, cursus et, magna. Praesent interdum ligula eu"
Chelsea,Warner,libero@icloud.ca,(08570) 5504694,"vestibulum nec, euismod in, dolor. Fusce feugiat. Lorem ipsum dolor sit amet, consectetuer adipiscing"
Nita,Shannon,sit.amet.consectetuer@yahoo.couk,(032282) 487573,"lorem ipsum sodales purus, in molestie tortor nibh sit amet orci."
Zachary,Stephens,nunc.sed.pede@hotmail.ca,(0233) 80816715,"Pellentesque ut ipsum ac mi eleifend egestas. Sed pharetra, felis eget"
Portia,Sears,suscipit@hotmail.couk,(0272) 27426251,"ac mattis ornare, lectus ante dictum mi, ac mattis velit justo nec"
Victor,Long,eu.lacus.quisque@hotmail.net,(038) 53381839,dui augue eu tellus. Phasellus elit
Baxter,Mueller,hendrerit.a@aol.couk,(0823) 22365372,"elit, dictum eu, eleifend nec, malesuada ut, sem. Nulla interdum. Curabitur dictum. Phasellus"
Giselle,Lambert,nunc@hotmail.ca,(074) 50359812,"nibh lacinia orci, consectetuer euismod est arcu ac orci. Ut semper"
Nolan,Alexander,dolor.fusce@hotmail.couk,(0388) 22547847,"libero. Donec consectetuer mauris id sapien. Cras dolor dolor, tempus"
Ferris,Kennedy,aliquam.fringilla@aol.org,(0832) 82238559,Quisque tincidunt pede ac urna. Ut tincidunt vehicula risus. Nulla eget metus eu erat semper rutrum.
Tanya,Tyler,nulla.interdum@outlook.ca,(054) 21426875,"tempus non, lacinia at, iaculis quis, pede. Praesent eu dui. Cum"
Rowan,Leon,nec.mauris.blandit@hotmail.couk,(067) 45269387,"non massa non ante bibendum ullamcorper. Duis cursus, diam at pretium aliquet, metus urna convallis erat, eget tincidunt dui"
Cherokee,Graham,donec@aol.com,(0648) 32735280,"fringilla cursus purus. Nullam scelerisque neque sed sem egestas blandit. Nam nulla magna, malesuada vel, convallis in,"
Hashim,Booker,convallis.est.vitae@icloud.ca,(03472) 8802273,"Donec est. Nunc ullamcorper, velit in aliquet"
Phillip,Gordon,felis.eget@hotmail.couk,(0877) 34136917,"eu, ultrices sit amet, risus. Donec nibh enim, gravida sit amet, dapibus id, blandit at, nisi."
Brock,Dominguez,eet.pede@icloud.org,(032452) 987584,"interdum ligula eu enim. Etiam imperdiet dictum magna. Ut tincidunt orci quis lectus. Nullam suscipit, est ac facilisis"
Kadeem,Dunn,orci.consectetuer@hotmail.couk,(011) 43922329,"pede nec ante blandit viverra. Donec tempus, lorem fringilla ornare placerat, orci lacus vestibulum lorem, sit amet ultricies"
Lael,Sloan,ultricies.sem@protonmail.org,(04024) 9981471,"eu, ligula. Aenean euismod mauris eu elit. Nulla facilisi. Sed neque. Sed"
Hadassah,Baker,nec@aol.edu,(06696) 0950555,"consectetuer adipiscing elit. Etiam laoreet, libero et tristique pellentesque,"
Bruce,Mullen,consectetuer.ipsum@outlook.edu,(084) 85190711,"eu, ligula. Aenean euismod mauris eu elit. Nulla facilisi. Sed neque. Sed eget lacus. Mauris non dui"
Dacey,Santiago,nostra.per@google.couk,(05476) 2772142,"ac metus vitae velit egestas lacinia. Sed congue, elit sed"
Maia,Watts,ut.cursus.luctus@protonmail.com,(039873) 418138,"Mauris eu turpis. Nulla aliquet. Proin velit. Sed malesuada augue ut lacus. Nulla tincidunt, neque vitae semper"
Brittany,Joyner,mauris@google.net,(02333) 3778355,nisi. Cum sociis natoque penatibus et magnis
Eagan,Hughes,erat.volutpat@yahoo.ca,(068) 81678002,"sem ut dolor dapibus gravida. Aliquam tincidunt, nunc ac mattis ornare, lectus ante dictum"
Cain,Durham,blandit@google.couk,(021) 74339988,"magnis dis parturient montes, nascetur ridiculus mus. Proin vel arcu eu odio tristique pharetra. Quisque ac libero nec ligula"
Summer,Maynard,rutrum@aol.org,(0184) 32470012,ipsum. Donec sollicitudin adipiscing ligula. Aenean gravida nunc sed
Xantha,Moses,lobortis.class.aptent@icloud.org,(037164) 133352,Nulla tempor augue ac ipsum. Phasellus vitae mauris sit amet lorem semper auctor. Mauris vel turpis. Aliquam adipiscing
Myles,Howard,ut.lacus@aol.edu,(027) 31248723,"ullamcorper. Duis cursus, diam at pretium aliquet, metus urna convallis erat, eget"
Rebekah,Case,netus@protonmail.com,(051) 04306162,"sociis natoque penatibus et magnis dis parturient montes, nascetur ridiculus mus. Aenean"
Adrienne,Snyder,arcu@yahoo.edu,(068) 11431734,"porttitor eros nec tellus. Nunc lectus pede, ultrices a, auctor non, feugiat nec, diam. Duis mi"
Kelly,Martin,dolor.dolor@protonmail.net,(072) 20885185,nisi. Aenean eget metus. In nec orci. Donec nibh. Quisque nonummy ipsum non arcu. Vivamus sit amet risus. Donec
Sage,Luna,ante.ipsum@icloud.com,(05361) 1137676,"dapibus rutrum, justo. Praesent luctus. Curabitur egestas nunc sed libero."
Uriel,Lester,aliquam.auctor@aol.org,(036) 47241837,"sem, consequat nec, mollis vitae, posuere at, velit. Cras lorem"
Bethany,Barron,et@yahoo.edu,(0388) 60232917,"nisl arcu iaculis enim, sit amet ornare lectus justo eu arcu."
Oprah,Holt,nunc@outlook.com,(073) 55849101,nulla. Integer urna. Vivamus molestie dapibus ligula. Aliquam erat
Hector,Cortez,egestas@protonmail.com,(03173) 6742606,non arcu. Vivamus sit amet risus. Donec egestas. Aliquam nec enim.
Amy,Witt,erat.eget@protonmail.com,(0711) 57207451,arcu. Curabitur ut odio vel est tempor bibendum.
Burton,Reeves,pharetra@outlook.net,(07563) 5086270,"tellus. Aenean egestas hendrerit neque. In ornare sagittis felis. Donec tempor, est ac mattis semper, dui lectus"
Vivian,Blackburn,dapibus@yahoo.edu,(034331) 547388,"sodales. Mauris blandit enim consequat purus. Maecenas libero est, congue a, aliquet vel, vulputate eu, odio."
Aileen,Nelson,senectus.et@icloud.ca,(062) 02558014,"turpis egestas. Aliquam fringilla cursus purus. Nullam scelerisque neque sed sem egestas blandit. Nam nulla magna, malesuada vel, convallis"
Hannah,Brock,a.dui@aol.com,(037436) 414190,Aenean gravida nunc sed pede. Cum sociis natoque penatibus et
Ruth,Vance,netus.et@icloud.couk,(03687) 1156307,Vivamus molestie dapibus ligula. Aliquam erat volutpat. Nulla dignissim. Maecenas ornare egestas
Brent,Fuentes,nec.quam@hotmail.org,(037736) 417658,nisi. Mauris nulla. Integer urna. Vivamus molestie
Ramona,Morales,nulla.tempor@outlook.org,(09867) 8478578,"ut lacus. Nulla tincidunt, neque vitae semper egestas, urna justo faucibus lectus, a sollicitudin orci sem eget"
Kadeem,Strickland,pharetra.nibh.aliquam@icloud.net,(08667) 1063856,ac urna. Ut tincidunt vehicula risus. Nulla eget metus eu erat semper rutrum. Fusce
Lucy,Suarez,arcu.vestibulum@protonmail.com,(04958) 6727962,"egestas lacinia. Sed congue, elit sed consequat auctor, nunc"
Carissa,Dickerson,vel@yahoo.ca,(0414) 92267972,"pharetra, felis eget varius ultrices, mauris ipsum porta elit,"
Ulla,Santana,libero.et.tristique@yahoo.org,(031137) 365385,Donec feugiat metus sit amet ante. Vivamus non lorem vitae odio
Tanya,Russell,vulputate.mauris@hotmail.ca,(01469) 4836121,"Aliquam auctor, velit eget laoreet posuere,"
Mohammad,Porter,rhoncus@protonmail.edu,(027) 81895945,"ad litora torquent per conubia nostra, per inceptos hymenaeos."
Zorita,Spencer,aliquam@yahoo.net,(072) 11938045,"a ultricies adipiscing, enim mi tempor lorem, eget mollis lectus pede et risus. Quisque libero lacus, varius et,"
Kelly,Whitley,quisque@aol.net,(032442) 586713,"commodo hendrerit. Donec porttitor tellus non magna. Nam ligula elit,"
Julian,Sweeney,ante.vivamus@aol.couk,(04858) 0750686,"scelerisque, lorem ipsum sodales purus, in molestie tortor nibh sit amet orci."
Isaiah,Kane,nisi@google.com,(038231) 123847,Cras vulputate velit eu sem. Pellentesque
Walker,Conrad,ipsum.primis@icloud.net,(063) 41658846,"nisi magna sed dui. Fusce aliquam,"
Holmes,Mccall,fringilla.ornare@hotmail.net,(0667) 11156987,"Morbi neque tellus, imperdiet non, vestibulum nec, euismod in, dolor."
Teegan,Schultz,nam.nulla.magna@aol.ca,(0481) 72812645,Proin non massa non ante bibendum ullamcorper. Duis
Cally,Meyers,augue@hotmail.org,(028) 56714192,"natoque penatibus et magnis dis parturient montes, nascetur ridiculus mus. Donec dignissim magna"
Kelsey,Coffey,quis.tristique@outlook.net,(023) 08626514,euismod enim. Etiam gravida molestie arcu. Sed eu nibh vulputate
Otto,Reynolds,nibh.donec@protonmail.couk,(063) 34571585,"a, aliquet vel, vulputate eu, odio. Phasellus at augue id"
Kasimir,Wyatt,vel@outlook.net,(054) 33828574,"eu, odio. Phasellus at augue"
Allegra,Nelson,phasellus.fermentum.convallis@protonmail.edu,(05361) 5642924,"diam at pretium aliquet, metus urna convallis erat, eget tincidunt dui"
Leila,Moreno,sem.nulla@google.couk,(033664) 016955,mauris a nunc. In at pede. Cras vulputate velit eu sem. Pellentesque ut ipsum ac mi eleifend egestas.
Malachi,Oliver,nulla.facilisis@protonmail.com,(03562) 0111685,"velit egestas lacinia. Sed congue, elit sed consequat auctor, nunc nulla vulputate"
Marcia,Combs,netus.et.malesuada@icloud.edu,(01527) 8817916,arcu eu odio tristique pharetra. Quisque ac libero nec ligula consectetuer rhoncus. Nullam velit
Uta,Garcia,lacinia.orci@icloud.ca,(0564) 58307430,"ut, pharetra sed, hendrerit a, arcu. Sed et libero. Proin mi. Aliquam"
Cassady,Matthews,eu.accumsan@yahoo.com,(08382) 5628501,"sed sem egestas blandit. Nam nulla magna, malesuada vel, convallis in, cursus"
Zahir,Nash,lectus.cum@yahoo.ca,(0507) 92330964,"Fusce feugiat. Lorem ipsum dolor sit amet, consectetuer adipiscing elit. Aliquam auctor, velit eget"
Keane,Gregory,est.mauris.rhoncus@icloud.net,(038266) 834288,"urna, nec luctus felis purus ac tellus. Suspendisse sed dolor. Fusce mi lorem, vehicula et, rutrum"
Wade,Clemons,malesuada.integer@aol.edu,(057) 57771355,"sapien, cursus in, hendrerit consectetuer, cursus et,"
Nevada,Hodges,tellus@hotmail.net,(032368) 769687,vitae diam. Proin dolor. Nulla semper tellus id nunc interdum
Willa,Strickland,pharetra.sed.hendrerit@google.ca,(068) 87535887,"sapien. Aenean massa. Integer vitae nibh. Donec est mauris, rhoncus"
Raja,Daugherty,consectetuer.adipiscing@google.ca,(032388) 828132,"mauris ipsum porta elit, a"
Cynthia,Ferguson,ridiculus.mus.proin@hotmail.edu,(0813) 32153802,"at pretium aliquet, metus urna convallis erat,"
Nichole,Villarreal,ridiculus.mus@outlook.ca,(0147) 16356388,tempus risus. Donec egestas. Duis ac arcu. Nunc mauris. Morbi non sapien molestie orci tincidunt adipiscing. Mauris molestie
Marny,Roth,purus.sapien.gravida@protonmail.couk,(037) 15147527,"ut, nulla. Cras eu tellus eu augue porttitor interdum. Sed"
Brielle,Whitaker,neque.venenatis.lacus@google.ca,(033253) 448431,"non sapien molestie orci tincidunt adipiscing. Mauris molestie pharetra nibh. Aliquam ornare, libero at auctor ullamcorper, nisl arcu"
Raja,Rowe,malesuada.id@protonmail.net,(0576) 93275024,eget metus eu erat semper
Jason,Moran,eu.tellus@protonmail.com,(01304) 1325118,"mi pede, nonummy ut, molestie in, tempus eu,"
Flavia,Greene,per.inceptos.hymenaeos@icloud.couk,(0126) 19304075,"Integer in magna. Phasellus dolor elit, pellentesque a, facilisis non, bibendum sed, est. Nunc laoreet lectus"
Brandon,Castillo,purus.ac@google.net,(074) 90993114,"nunc ac mattis ornare, lectus ante dictum mi, ac mattis velit"
Justin,Walter,amet@hotmail.com,(0728) 38181823,eget ipsum. Suspendisse sagittis. Nullam vitae diam. Proin
Blaze,Berg,sit.amet@google.net,(060) 40924866,"interdum ligula eu enim. Etiam imperdiet dictum magna. Ut tincidunt orci quis lectus. Nullam suscipit, est ac"
Diana,Graves,orci.lacus@icloud.ca,(059) 79865387,id enim. Curabitur massa. Vestibulum accumsan neque et nunc. Quisque ornare tortor
Clayton,Barrett,lobortis@hotmail.edu,(01016) 6666270,sem eget massa. Suspendisse eleifend. Cras sed leo. Cras
Jerome,Noel,phasellus@aol.ca,(021) 44878237,dictum augue malesuada malesuada. Integer id magna et ipsum cursus vestibulum. Mauris
Raya,Rich,tristique.pharetra.quisque@outlook.ca,(059) 85853554,"lobortis quis, pede. Suspendisse dui. Fusce diam nunc, ullamcorper eu, euismod ac, fermentum vel, mauris. Integer sem"
Cara,Roach,at.pede.cras@icloud.ca,(02615) 6406174,Morbi sit amet massa. Quisque porttitor eros nec tellus.
Eagan,Witt,consectetuer.cursus@outlook.net,(0780) 08763376,"sit amet, consectetuer adipiscing elit. Curabitur sed tortor. Integer aliquam adipiscing"
India,Holland,dictum@protonmail.com,(057) 42656827,fringilla euismod enim. Etiam gravida molestie arcu. Sed
Hoyt,Kent,felis.orci.adipiscing@icloud.org,(02712) 7731756,"aliquam, enim nec tempus scelerisque, lorem ipsum sodales purus,"
Marshall,Russo,parturient.montes@google.org,(0428) 81716137,consequat dolor vitae dolor. Donec fringilla. Donec feugiat metus sit amet ante. Vivamus non lorem vitae odio
Bree,Greene,amet@yahoo.org,(035350) 522482,a nunc. In at pede. Cras vulputate velit eu sem. Pellentesque ut ipsum ac mi eleifend egestas. Sed
Imani,Trujillo,orci.lacus@outlook.net,(0998) 49186485,sapien imperdiet ornare. In faucibus. Morbi vehicula. Pellentesque tincidunt tempus risus.
Caesar,Berger,class.aptent@google.edu,(053) 60197051,diam. Pellentesque habitant morbi tristique senectus
Madaline,Branch,nam@outlook.ca,(01292) 8459787,"est mauris, rhoncus id, mollis nec, cursus a, enim. Suspendisse aliquet, sem ut cursus luctus, ipsum"
Penelope,Michael,volutpat.nulla@hotmail.com,(05827) 0473522,Maecenas ornare egestas ligula. Nullam feugiat placerat velit. Quisque varius. Nam
Nigel,Taylor,nunc@aol.ca,(02879) 1747448,"erat. Sed nunc est, mollis non, cursus non, egestas"
Mollie,James,etiam.imperdiet.dictum@google.org,(06916) 6037374,"litora torquent per conubia nostra, per inceptos hymenaeos. Mauris ut quam vel sapien imperdiet ornare. In"
Harding,Fitzgerald,vitae.erat@aol.org,(0138) 06169490,"eget, ipsum. Donec sollicitudin adipiscing ligula. Aenean gravida nunc sed pede. Cum sociis natoque"
Trevor,Guerrero,netus.et@protonmail.ca,(0358) 93471168,"Sed nec metus facilisis lorem tristique aliquet. Phasellus fermentum convallis ligula. Donec luctus aliquet odio. Etiam ligula tortor,"
Theodore,Beasley,mi.felis@icloud.edu,(04078) 6311180,tortor. Nunc commodo auctor velit. Aliquam nisl.
Nero,Contreras,felis.ullamcorper@protonmail.edu,(0012) 79716427,"libero lacus, varius et, euismod et, commodo at, libero. Morbi accumsan"
Hoyt,Mcmillan,nulla.aliquet.proin@google.couk,(06326) 1764265,Mauris ut quam vel sapien imperdiet
Oren,Reese,ultres.adipiscing@protonmail.ca,(037425) 524297,interdum feugiat. Sed nec metus facilisis lorem tristique aliquet. Phasellus fermentum convallis ligula. Donec
Galvin,Cruz,vel.venenatis@outlook.ca,(031171) 399990,"erat, eget tincidunt dui augue eu tellus."
Urielle,Christensen,sit.amet@aol.ca,(091) 71383762,"Morbi accumsan laoreet ipsum. Curabitur consequat, lectus sit amet luctus vulputate, nisi sem semper erat, in"
Dexter,Richmond,dolor.fusce.mi@yahoo.org,(038548) 824661,eget nisi dictum augue malesuada malesuada. Integer id magna et ipsum cursus vestibulum. Mauris magna. Duis
Berk,Shannon,in.molestie@yahoo.org,(038148) 810705,"Praesent eu dui. Cum sociis natoque penatibus et magnis dis parturient montes, nascetur ridiculus"
Molly,Cobb,et@protonmail.ca,(08788) 0474238,"molestie orci tincidunt adipiscing. Mauris molestie pharetra nibh. Aliquam ornare, libero at auctor ullamcorper, nisl"
Eric,Pierce,velit@aol.edu,(033707) 652886,"vehicula aliquet libero. Integer in magna. Phasellus dolor elit,"
September,Alford,at.fringilla.purus@google.edu,(01126) 0658227,"lorem lorem, luctus ut, pellentesque eget,"
Vanna,Todd,augue.ut.lacus@aol.ca,(061) 45288886,"aliquet diam. Sed diam lorem, auctor quis, tristique ac, eleifend vitae, erat. Vivamus nisi. Mauris"
Rama,Erickson,enim.non.nisi@hotmail.net,(080) 77772558,Duis dignissim tempor arcu. Vestibulum ut eros non enim commodo hendrerit. Donec
Evan,Bernard,aliquam@yahoo.couk,(034474) 562480,"et risus. Quisque libero lacus, varius et, euismod et, commodo"
Colby,Colon,dui.cras.pellentesque@outlook.ca,(08336) 7672605,dui nec urna suscipit nonummy. Fusce fermentum fermentum arcu. Vestibulum ante ipsum primis in
Sarah,Rosales,ullamcorper@aol.net,(0551) 75325443,Aliquam erat volutpat. Nulla facilisis. Suspendisse commodo tincidunt
Herrod,Mccray,consequat.purus.maecenas@hotmail.net,(033904) 035502,suscipit nonummy. Fusce fermentum fermentum arcu. Vestibulum ante ipsum primis in
Abra,Pratt,erat.volutpat@google.ca,(007) 23265678,"consequat, lectus sit amet luctus vulputate,"
Rigel,Cotton,tristique.pharetra@protonmail.net,(011) 53292862,non nisi. Aenean eget metus. In nec orci. Donec nibh. Quisque nonummy ipsum
Mara,Evans,rhoncus@outlook.net,(06629) 4698526,"fringilla cursus purus. Nullam scelerisque neque sed sem egestas blandit. Nam nulla magna, malesuada"
Uma,Garrett,morbi.vehicula@yahoo.com,(032416) 976155,Aliquam fringilla cursus purus. Nullam scelerisque neque sed sem egestas blandit.
Judah,Anderson,feugiat.placerat.velit@google.com,(07820) 5979455,tempus mauris erat eget ipsum. Suspendisse sagittis. Nullam vitae diam. Proin dolor.
Yvette,Hale,donec@protonmail.com,(0472) 19289032,quam dignissim pharetra. Nam ac nulla. In tincidunt congue turpis. In condimentum. Donec at arcu. Vestibulum
Britanney,Gamble,donec.sollicitudin@yahoo.net,(046) 35465951,"mauris sit amet lorem semper auctor. Mauris vel turpis. Aliquam adipiscing lobortis risus. In mi pede, nonummy"
Raven,Sykes,ipsum.donec@outlook.com,(038675) 181298,"odio. Etiam ligula tortor, dictum eu, placerat eget, venenatis a, magna. Lorem ipsum dolor sit amet, consectetuer"
Barbara,Talley,mauris.id.sapien@yahoo.org,(054) 85101598,"nec luctus felis purus ac tellus. Suspendisse sed dolor. Fusce mi lorem, vehicula et, rutrum eu, ultrices sit amet,"
Mufutau,Mcneil,praesent.eu@hotmail.net,(0343) 81580964,"lacus vestibulum lorem, sit amet ultricies sem magna nec"
Summer,Carter,vitae.risus.duis@hotmail.org,(0886) 44782323,"sollicitudin a, malesuada id, erat. Etiam"
Kylie,Harrell,morbi.accumsan@icloud.org,(07174) 1284867,"at, egestas a, scelerisque sed, sapien. Nunc pulvinar arcu et pede."
